<?xml version="1.0" encoding="ISO-8859-1"?>
<ciudad>
<registro>
<id_ciudad>1</id_ciudad>
<ciudad>Chicago</ciudad>
<fechainsercion>2022-09-20 08:30:53</fechainsercion>
<fechaactualizacion/>
<fechaeliminacion/>
<registrovisible>1</registrovisible>
</registro>
<registro>
<id_ciudad>2</id_ciudad>
<ciudad>Toronto</ciudad>
<fechainsercion>2022-09-20 08:30:58</fechainsercion>
<fechaactualizacion>2022-09-20 13:35:41</fechaactualizacion>
<fechaeliminacion/>
<registrovisible>1</registrovisible>
</registro>
<registro>
<id_ciudad>3</id_ciudad>
<ciudad>Sacramento</ciudad>
<fechainsercion>2022-09-20 08:31:03</fechainsercion>
<fechaactualizacion></fechaactualizacion>
<fechaeliminacion></fechaeliminacion>
<registrovisible>1</registrovisible>
</registro>
<registro>
<id_ciudad>4</id_ciudad>
<ciudad>Denver</ciudad>
<fechainsercion>2022-09-20 13:35:53</fechainsercion>
<fechaactualizacion/>
<fechaeliminacion/>
<registrovisible>1</registrovisible>
</registro>
<registro>
<id_ciudad>5</id_ciudad>
<ciudad>Boston</ciudad>
<fechainsercion>2022-09-20 13:35:57</fechainsercion>
<fechaactualizacion/>
<fechaeliminacion/>
<registrovisible>1</registrovisible>
</registro>
<registro>
<id_ciudad>6</id_ciudad>
<ciudad>Indiana</ciudad>
<fechainsercion>2022-09-20 13:36:01</fechainsercion>
<fechaactualizacion/>
<fechaeliminacion/>
<registrovisible>1</registrovisible>
</registro>
<registro>
<id_ciudad>7</id_ciudad>
<ciudad>Zapopan</ciudad>
<fechainsercion>2022-09-20 13:36:05</fechainsercion>
<fechaactualizacion/>
<fechaeliminacion/>
<registrovisible>1</registrovisible>
</registro>
<registro>
<id_ciudad>8</id_ciudad>
<ciudad>Montreal</ciudad>
<fechainsercion>2022-09-20 13:36:11</fechainsercion>
<fechaactualizacion/>
<fechaeliminacion/>
<registrovisible>1</registrovisible>
</registro>
<registro>
<id_ciudad>9</id_ciudad>
<ciudad>Ciudad de Mexico</ciudad>
<fechainsercion>2022-09-20 13:36:18</fechainsercion>
<fechaactualizacion/>
<fechaeliminacion/>
<registrovisible>1</registrovisible>
</registro>


<registro>
<id_ciudad>10</id_ciudad>
<ciudad>Minesota</ciudad>
<fechainsercion>2022-09-20 08:31:03</fechainsercion>
<fechaactualizacion></fechaactualizacion>
<fechaeliminacion></fechaeliminacion>
<registrovisible>0</registrovisible>
</registro>

<registro>
<id_ciudad>11</id_ciudad>
<ciudad>Buenos Aires</ciudad>
<fechainsercion>2022-09-20 08:31:03</fechainsercion>
<fechaactualizacion></fechaactualizacion>
<fechaeliminacion></fechaeliminacion>
<registrovisible>0</registrovisible>
</registro>

<registro>
<id_ciudad>12</id_ciudad>
<ciudad>N.Y</ciudad>
<fechainsercion>2022-09-20 08:31:03</fechainsercion>
<fechaactualizacion>2022-10-14 08:31:03</fechaactualizacion>
<fechaeliminacion></fechaeliminacion>
<registrovisible>0</registrovisible>
</registro>

<registro>
<id_ciudad>13</id_ciudad>
<ciudad>Atlanta</ciudad>
<fechainsercion>2022-09-20 08:31:03</fechainsercion>
<fechaactualizacion></fechaactualizacion>
<fechaeliminacion></fechaeliminacion>
<registrovisible>0</registrovisible>
</registro>

<registro>
<id_ciudad>14</id_ciudad>
<ciudad>Merida</ciudad>
<fechainsercion>2022-09-20 08:31:03</fechainsercion>
<fechaactualizacion>2022-09-23 08:39:03</fechaactualizacion>
<fechaeliminacion></fechaeliminacion>
<registrovisible>0</registrovisible>
</registro>




</ciudad>