<?xml version="1.0" encoding="ISO-8859-1"?>
<Estaticas>

 <Menu><Etiqueta>Demostracion</Etiqueta></Menu>
 
 
 <Menu><Etiqueta>Donaciones</Etiqueta></Menu>
 <Menu><Etiqueta>Tablas</Etiqueta></Menu>
 <Menu><Etiqueta>Paginas</Etiqueta></Menu>
 <Menu><Etiqueta>Elementos</Etiqueta></Menu>
 <Menu><Etiqueta>Muchas Paginas Vacias</Etiqueta></Menu>
 <Menu><Etiqueta>Reportes</Etiqueta></Menu>

 <SubMenus>
 
      <SubMenu>
        <TituloHtm>Donaciones</TituloHtm>
        <Parrafo1>Donaciones - Donations  (Componente ImagenParrafoAlt)</Parrafo1>
        <Componente>ImagenParrafoAlt</Componente>
        <NombreArchivo>Donaciones.htm</NombreArchivo>
      </SubMenu>  
      
      <SubMenu>
        <TituloHtm>Tabla HTML</TituloHtm>
        <Parrafo1>Tabla HTML (Componente Pdf1RegXml-6)</Parrafo1>
        <Componente>Pdf1RegXml-6</Componente>
        <NombreArchivo>Pdf1RegXml-6.htm</NombreArchivo>
      </SubMenu>  
      
 </SubMenus> 



 <SubMenus>
     
      <SubMenu>
        <TituloHtm>Tabla HTML</TituloHtm>
        <Parrafo1>Tabla HTML (Componente TableHtml)</Parrafo1>
        <Componente>TableHtml</Componente>
        <NombreArchivo>TableHtml.htm</NombreArchivo>
      </SubMenu>

      <SubMenu>
        <TituloHtm>Tabla HTML ,6 Renglones 4 Columnas</TituloHtm>
        <Parrafo1>Tabla HTML (Componente TableHtml-6-4)</Parrafo1>
        <Componente>TableHtml-6-4</Componente>
        <NombreArchivo>TableHtml-6-4.htm</NombreArchivo>
      </SubMenu>

      <SubMenu>
        <TituloHtm>JsonDat</TituloHtm>
        <Parrafo1>JsonDat (Componente JsonDat-2)</Parrafo1>
        <Componente>JsonDat-2</Componente>
        <NombreArchivo>JsonDat.htm</NombreArchivo>
      </SubMenu>

      <SubMenu>
        <TituloHtm>Pdf1RegJson</TituloHtm>
        <Parrafo1>Pdf1RegJsont (Componente Pdf1RegJson)</Parrafo1>
        <Componente>Pdf1RegJson-2</Componente>
        <NombreArchivo>Pdf1RegJson.htm</NombreArchivo>
      </SubMenu>

      <SubMenu>
        <TituloHtm>XmlDat</TituloHtm>
        <Parrafo1>XmlDat (Componente XmlDat-6)</Parrafo1>
        <Componente>XmlDat-6</Componente>
        <NombreArchivo>XmlDat.htm</NombreArchivo>
      </SubMenu>

      <SubMenu>
        <TituloHtm>Tabla HTML, 40 Renglones 3 Columnas</TituloHtm>
        <Parrafo1>Tabla HTML (Componente TableHtml-40-3)</Parrafo1>
        <Componente>TableHtml-40-3</Componente>
        <NombreArchivo>TableHtml-40-3.htm</NombreArchivo>
      </SubMenu>
            
      <SubMenu>
        <TituloHtm>Ver Datos del Registro</TituloHtm>
        <Parrafo1>Util para ver Informacion de 1 Registro (Componente TableHtmlRegistro)</Parrafo1>
        <Componente>TableHtmlRegistro</Componente>
        <NombreArchivo>TableHtmlRegistro.htm</NombreArchivo>
      </SubMenu>         
              
      <SubMenu>
        <TituloHtm>Tabla HTML , 25 Renglones 6 Columnas</TituloHtm>
        <Parrafo1>Tabla HTML (Componente TableHtml-25-6)</Parrafo1>
        <Componente>TableHtml-25-6</Componente>
        <NombreArchivo>TableHtml-25-6.htm</NombreArchivo>
      </SubMenu>                  
                  
      <SubMenu>
        <TituloHtm>Tabla HTML , 4 Renglones 10 Columnas</TituloHtm>
        <Parrafo1>Tabla HTML (Componente TableHtml-4-10)</Parrafo1>
        <Componente>TableHtml-4-10</Componente>
        <NombreArchivo>TableHtml-4-10.htm</NombreArchivo>
      </SubMenu>                                    
             
      <SubMenu>
        <TituloHtm>Pagina Vacia 1</TituloHtm>
        <Parrafo1>Pagina Vacia 1</Parrafo1>
        <Componente></Componente>
        <NombreArchivo>pag1.htm</NombreArchivo>
      </SubMenu>         
             
      <SubMenu>
        <TituloHtm>Ver Datos del Registro 25 Campos</TituloHtm>
        <Parrafo1>Util para ver Informacion de 1 Registro (Componente TableHtmlRegistro 25 Campos)</Parrafo1>
        <Componente>TableHtmlRegistro-25</Componente>
        <NombreArchivo>TableHtmlRegistro-25.htm</NombreArchivo>
      </SubMenu>                                                                                
         
      <SubMenu>
        <TituloHtm>Accordion 50 Elementos</TituloHtm>
        <Parrafo1>Accordion 50 Elementos (Componente Accordion-50)</Parrafo1>
        <Componente>Accordion-50</Componente>
        <NombreArchivo>Accordion-50.htm</NombreArchivo>
      </SubMenu>                                                                                                                                                                                                                                                                                                         
     
 </SubMenus> 
 
 
 
 <SubMenus>
 
        <SubMenu>
          <TituloHtm>FrmContacto1</TituloHtm>
          <Parrafo1>FrmContacto1 (FrmContacto1)</Parrafo1>
          <Componente>FrmContacto1</Componente>
          <NombreArchivo>FrmContacto1.htm</NombreArchivo>
        </SubMenu> 
        
        <SubMenu>
          <TituloHtm>FrmContacto3</TituloHtm>
          <Parrafo1>FrmContacto3 (FrmContacto3)</Parrafo1>
          <Componente>FrmContacto3</Componente>
          <NombreArchivo>FrmContacto3.htm</NombreArchivo>
        </SubMenu>           
                                   
        <SubMenu>
          <TituloHtm>FrmContacto2</TituloHtm>
          <Parrafo1>FrmContacto2 (FrmContacto2)</Parrafo1>
          <Componente>FrmContacto2</Componente>
          <NombreArchivo>FrmContacto2.htm</NombreArchivo>
        </SubMenu>          

        <SubMenu>
          <TituloHtm>Carousel 10 Imagenes</TituloHtm>
          <Parrafo1>Carousel 10 Imagenes (Carousel-10)</Parrafo1>
          <Componente>Carousel-10</Componente>
          <NombreArchivo>Carousel-10.htm</NombreArchivo>
        </SubMenu>          
        <SubMenu>
          <TituloHtm>Pagina Vacia 2</TituloHtm>
          <Parrafo1>Pagina Vacia 2</Parrafo1>
          <Componente></Componente>
          <NombreArchivo>pag2.htm</NombreArchivo>
        </SubMenu>      
           
        <SubMenu>
          <TituloHtm>Accordion 3 Elementos</TituloHtm>
          <Parrafo1>Accordion 3 Elementos (Componente Accordion-3)</Parrafo1>
          <Componente>Accordion-3</Componente>
          <NombreArchivo>Accordion-3.htm</NombreArchivo>
        </SubMenu>     
           
        <SubMenu>
          <TituloHtm>Pagina Vacia 3</TituloHtm>
          <Parrafo1>Pagina Vacia 3</Parrafo1>
          <Componente></Componente>
          <NombreArchivo>pag3.htm</NombreArchivo>
        </SubMenu>
         
 </SubMenus> 
   
   
   
 <SubMenus>
 
        <SubMenu>
          <TituloHtm>Accordion 20 Elementos</TituloHtm>
          <Parrafo1>Accordion 20 Elementos (Componente Accordion-20)</Parrafo1>
          <Componente>Accordion-20</Componente>
          <NombreArchivo>Accordion-20.htm</NombreArchivo>
        </SubMenu>
        
        <SubMenu>
          <TituloHtm>Carousel 3 Imagenes</TituloHtm>
          <Parrafo1>Carousel 3 Imagenes (Carousel-3)</Parrafo1>
          <Componente>Carousel-3</Componente>
          <NombreArchivo>Carousel-3.htm</NombreArchivo>
        </SubMenu> 
                 
 </SubMenus> 
  
  
  
 <SubMenus>
 
        <SubMenu>
          <TituloHtm>Pagina en Blanco 1</TituloHtm>
          <Parrafo1>Pagina en Blanco 1</Parrafo1>
          <Componente></Componente>
          <NombreArchivo>html_1.htm</NombreArchivo>
        </SubMenu>
        
        <SubMenu>
          <TituloHtm>Pagina en Blanco 2</TituloHtm>
          <Parrafo1>Pagina en Blanco 2</Parrafo1>
          <Componente></Componente>
          <NombreArchivo>html_2.htm</NombreArchivo>
        </SubMenu>
        
        <SubMenu>
          <TituloHtm>Pagina en Blanco 3</TituloHtm>
          <Parrafo1>Pagina en Blanco 3</Parrafo1>
          <Componente></Componente>
          <NombreArchivo>html_3.htm</NombreArchivo>
        </SubMenu>
        
        <SubMenu>
          <TituloHtm>Pagina en Blanco 4</TituloHtm>
          <Parrafo1>Pagina en Blanco 4</Parrafo1>
          <Componente></Componente>
          <NombreArchivo>html_4.htm</NombreArchivo>
        </SubMenu>
        
        <SubMenu>
          <TituloHtm>Pagina en Blanco 5</TituloHtm>
          <Parrafo1>Pagina en Blanco 5</Parrafo1>
          <Componente></Componente>
          <NombreArchivo>html_5.htm</NombreArchivo>
        </SubMenu>
        
        <SubMenu>
          <TituloHtm>Pagina en Blanco 6</TituloHtm>
          <Parrafo1>Pagina en Blanco 6</Parrafo1>
          <Componente></Componente>
          <NombreArchivo>html_6.htm</NombreArchivo>
        </SubMenu>
         
 </SubMenus>   
  
   
 <SubMenus>
 
        <SubMenu>
          <TituloHtm>Reporte 1</TituloHtm>
          <Parrafo1>Reporte 1 (Componente TableHtml-50-8)</Parrafo1>
          <Componente>TableHtml-50-8</Componente>
          <NombreArchivo>reporte-50-8.htm</NombreArchivo>
        </SubMenu> 
         
        <SubMenu>
          <TituloHtm>Carousel 8 Imagenes</TituloHtm>
          <Parrafo1>Carousel 8 Imagenes (Carousel-8)</Parrafo1>
          <Componente>Carousel-8</Componente>
          <NombreArchivo>Carousel-8.htm</NombreArchivo>
        </SubMenu> 
            
 </SubMenus>     
     
</Estaticas>